date,amount,month,quarter,year,week_of_year,week_of_month,lag_1,lag_2,lag_4,rolling_mean_4,rolling_std_4,rolling_mean_8,rolling_std_8,rolling_mean_12,rolling_std_12,pct_change
2020-04-05,550.0,4,2,2020,14,1,422.0,60.0,200.0,260.975,163.5275792234051,1184.7375,1537.8881651124236,960.5749999999999,1273.644899937327,0.3033175355450237
2020-04-12,180.0,4,2,2020,15,2,550.0,422.0,361.9,348.475,207.69874618462916,702.1125,818.2216699953624,981.8249999999999,1263.6184566013733,-0.6727272727272727
2020-04-19,400.0,4,2,2020,16,3,180.0,550.0,60.0,303.0,223.12029640233766,660.9875,837.3585858221073,944.3249999999999,1281.5585377507414,1.2222222222222223
2020-04-26,370.0,4,2,2020,17,4,400.0,180.0,422.0,388.0,153.63159397294228,601.1125,836.6677706191728,923.3249999999999,1288.8281831500344,-0.07499999999999996
2020-05-03,963.0,5,2,2020,18,1,370.0,400.0,550.0,375.0,151.9868415357077,317.9875,158.35187253617704,914.8249999999999,1292.4067134437773,1.6027027027027025
2020-05-10,320.0,5,2,2020,19,2,963.0,370.0,180.0,478.25,337.52864076006,413.3625,268.56128822991917,627.4916666666667,685.0230327359717,-0.667705088265836
2020-05-17,1620.0,5,2,2020,20,3,320.0,963.0,400.0,513.25,301.64369157445833,408.125,270.11237740720225,611.7416666666667,690.1486143753697,4.0625
2020-05-24,2202.7,5,2,2020,21,4,1620.0,320.0,370.0,818.25,609.0803860465932,603.125,471.16495064285635,673.4916666666667,747.04005668229,0.3596913580246912
2020-05-31,648.5,5,2,2020,22,5,2202.7,1620.0,963.0,1276.425,814.250814655206,825.7125,725.4010938537971,637.4666666666667,647.6634147362957,-0.705588595814228
2020-06-07,1787.88,6,2,2020,23,1,648.5,2202.7,320.0,1197.8,868.013091299127,838.025,720.8746012409407,674.8416666666667,632.8958588156987,1.756946800308404
2020-06-14,605.0,6,2,2020,24,2,1787.88,648.5,1620.0,1564.77,658.1119010219055,1039.01,735.2054322821224,793.6733333333333,699.1942839548617,-0.6616103989082042
2020-06-21,644.0,6,2,2020,25,3,605.0,1787.88,2202.7,1311.02,808.2668026503788,1064.635,712.9883758419305,839.09,664.0213644700957,0.06446280991735542
2020-06-28,920.0,6,2,2020,26,4,644.0,605.0,648.5,921.345,578.0201000830335,1098.885,680.7032590952219,857.59,654.3669485707683,0.4285714285714286
2020-07-05,1330.0,7,3,2020,27,1,920.0,644.0,1787.88,989.22,550.5909131106325,1093.51,682.097864113773,888.4233333333333,647.2341296110193,0.44565217391304346
2020-07-12,290.0,7,3,2020,28,2,1330.0,920.0,605.0,874.75,334.3205796836326,1219.76,607.9120911071644,984.2566666666667,617.2483074734092,-0.7819548872180451
2020-07-19,20.0,7,3,2020,29,3,290.0,1330.0,644.0,796.0,439.5725196142273,1053.51,662.2525277522808,975.09,627.4463640387559,-0.9310344827586207
2020-07-26,979.0,7,3,2020,30,4,20.0,290.0,920.0,640.0,594.8108943185223,780.6725,563.4120195419026,945.9233333333333,665.1338213859791,47.95
2020-08-02,1084.0,8,3,2020,31,1,979.0,20.0,1330.0,654.75,604.7177716367642,821.985,564.451968423481,947.2566666666667,665.1872001629364,0.10725229826353422
2020-08-09,3444.42,8,3,2020,32,2,1084.0,979.0,290.0,593.25,519.6841188003859,734.0,431.6099429544486,1010.9233333333333,635.5971139492426,2.177509225092251
2020-08-16,74.0,8,3,2020,33,3,3444.42,1084.0,20.0,1381.855,1456.0028814417458,1088.9275,1043.7540305722005,1162.9583333333333,939.8924769242429,-0.978515976564995
2020-08-23,460.0,8,3,2020,34,4,74.0,3444.42,979.0,1395.355,1439.3215800392443,1017.6775,1096.5831467628368,985.5666666666666,926.6032998129474,5.216216216216216
2020-08-30,195.0,8,3,2020,35,5,460.0,74.0,1084.0,1265.605,1510.9750794657953,960.1775,1114.352822067589,969.8583333333332,934.4018889091408,-0.5760869565217391
2020-09-06,1565.0,9,3,2020,36,1,195.0,460.0,3444.42,1043.355,1608.8061321261387,818.3025,1132.6438908494456,837.1183333333333,920.6708467380369,7.0256410256410255
2020-09-13,125.0,9,3,2020,37,2,1565.0,195.0,74.0,573.5,680.3717121299704,977.6775,1137.379556219973,917.1183333333333,940.1699889027163,-0.9201277955271565
2020-09-20,275.0,9,3,2020,38,3,125.0,1565.0,460.0,586.25,668.2611141362838,990.8025,1125.29109785297,873.8683333333333,965.4733539172599,1.2000000000000002
2020-09-27,530.0,9,3,2020,39,4,275.0,125.0,195.0,540.0,686.0757975617568,902.8025,1153.5189827127124,820.1183333333333,980.5088274771452,0.9272727272727272
2020-10-04,2406.9,10,4,2020,40,1,530.0,275.0,1565.0,623.75,649.389136034782,833.5525,1157.7087577470793,753.4516666666667,969.827968267225,3.541320754716981
2020-10-11,5484.0,10,4,2020,41,2,2406.9,530.0,125.0,834.225,1061.6955319205222,703.8625,837.1946572375759,929.86,1065.6578979971184,1.2784494578087995
2020-10-18,160.0,10,4,2020,42,3,5484.0,2406.9,275.0,2173.975,2402.7261882772523,1380.1125,1840.059762567898,1385.1933333333334,1649.1402415106174,-0.9708242159008024
2020-10-25,80.0,10,4,2020,43,4,160.0,5484.0,530.0,2145.225,2433.513400243908,1342.6125,1864.386417976626,1316.9433333333334,1684.056461692926,-0.5
2020-11-01,850.0,11,4,2020,44,1,80.0,160.0,2406.9,2032.725,2541.0981817251113,1328.2375,1874.9125601992369,1233.2766666666666,1721.2118539475894,9.625
2020-11-08,330.0,11,4,2020,45,2,850.0,80.0,5484.0,1643.5,2583.5625919777262,1238.8625,1879.0511001471689,1017.0750000000002,1574.9487998171417,-0.611764705882353
2020-11-15,1088.0,11,4,2020,46,3,330.0,850.0,160.0,355.0,346.07320998116614,1264.4875,1863.020569963505,1038.4083333333335,1562.6993315520851,2.296969696969697
2020-11-22,969.0,11,4,2020,47,4,1088.0,330.0,80.0,587.0,463.05795173678644,1366.1125,1823.0806231192457,1090.7416666666668,1552.0472992196958,-0.109375
2020-11-29,990.0,11,4,2020,48,5,969.0,1088.0,850.0,809.25,333.94747591001163,1420.9875,1800.7889068306386,1155.2416666666668,1527.323979120661,0.021671826625387025
2020-12-06,709.0,12,4,2020,49,1,990.0,969.0,330.0,844.25,346.7336874317249,1243.875,1759.166234125051,1107.325,1522.3114823577275,-0.2838383838383839
2020-12-13,105.0,12,4,2020,50,2,709.0,990.0,1088.0,939.0,161.86619988950028,647.0,400.0024999921871,1155.9916666666668,1497.1801922634634,-0.8519040902679831
2020-12-20,1205.01,12,4,2020,51,3,105.0,709.0,969.0,693.25,412.46605920972615,640.125,409.91826275839037,1141.825,1507.0459558203743,10.476285714285714
2020-12-27,290.0,12,4,2020,52,4,1205.01,105.0,990.0,752.2525,476.90663134936716,780.75125,382.35734689787967,1198.0758333333333,1494.6801202656789,-0.7593380967792798
2021-01-03,70.0,1,1,2021,53,1,290.0,1205.01,709.0,577.2525,488.86716160084643,710.75125,417.5132820962531,1021.6674999999999,1463.6399934107308,-0.7586206896551724
2021-01-10,150.0,1,1,2021,1,2,70.0,290.0,105.0,417.5025,533.8041932128937,678.25125,459.4036561654837,570.5008333333334,438.52082878816753,1.1428571428571428
2021-01-17,816.32,1,1,2021,2,3,150.0,70.0,1205.01,428.7525,525.4313387034202,561.00125,459.5862860206056,569.6675,439.3804908799545,4.4421333333333335
2021-01-24,1000.0,1,1,2021,3,4,816.32,150.0,290.0,331.58000000000004,335.7067950856349,541.91625,443.09748466054236,631.0275,415.54892211988795,0.22500980007840066
2021-01-31,500.0,1,1,2021,4,5,1000.0,816.32,70.0,509.08000000000004,468.02014087715094,543.16625,444.55384398092184,643.5275,424.8857304590588,-0.5
2021-02-07,50.0,2,1,2021,5,1,500.0,1000.0,150.0,616.58,373.36075351684735,517.04125,439.52884008861395,657.6941666666667,416.2275426747505,-0.9
2021-02-14,454.84,2,1,2021,6,2,50.0,500.0,816.32,591.58,415.93699715221464,510.16625,447.25681682699235,571.1941666666667,426.40581717118374,8.0968
2021-02-21,175.0,2,1,2021,7,3,454.84,50.0,1000.0,501.21,389.24438304660845,416.395,348.5027976522254,528.3475,408.2445678561953,-0.6152493184416499
2021-02-28,115.0,2,1,2021,8,4,175.0,454.84,500.0,294.96,217.56134705718094,402.02,356.7356213540449,460.43083333333334,391.92754904349755,-0.34285714285714286
2021-03-07,3439.0,3,1,2021,9,1,115.0,175.0,50.0,198.70999999999998,178.2196857813466,407.645,351.06210272746324,410.93083333333334,395.17683851567415,28.904347826086955
2021-03-14,1795.0,3,1,2021,10,2,3439.0,115.0,454.84,1045.96,1602.2194126897855,818.77,1110.5503310649956,688.7641666666667,947.1068357079351,-0.47804594358825236
2021-03-21,16254.0,3,1,2021,11,3,1795.0,3439.0,175.0,1381.0,1577.334460410981,941.105,1162.9117677745683,737.93,990.6547673680734,8.055153203342618
2021-03-28,220.0,3,1,2021,12,4,16254.0,1795.0,115.0,5400.75,7361.659340800822,2847.855,5540.271610378993,2068.2633333333333,4573.696646694868,-0.9864648701858004
2021-04-04,914.0,4,2,2021,13,1,220.0,16254.0,3439.0,5427.0,7336.673769495274,2812.855,5558.078617361528,2080.7633333333333,4567.940227835604,3.1545454545454543
2021-04-11,490.0,4,2,2021,14,2,914.0,220.0,1795.0,4795.75,7665.973840071897,2920.855,5504.863252192815,2144.43,4543.84404210996,-0.4638949671772429
2021-04-18,725.0,4,2,2021,15,3,490.0,914.0,16254.0,4469.5,7861.524258479819,2925.25,5502.626742877312,2117.2366666666667,4553.481127799284,0.47959183673469385
2021-04-25,4034.0,4,2,2021,16,4,725.0,490.0,220.0,587.25,300.03930298102586,2994.0,5466.67462252615,2094.32,4560.301996347491,4.564137931034483
2021-05-02,2203.0,5,2,2021,17,1,4034.0,725.0,914.0,1540.75,1671.1906683559491,3483.875,5346.091481166404,2388.82,4562.09318501935,-0.45389191869112544
2021-05-09,1309.0,5,2,2021,18,2,2203.0,4034.0,490.0,1863.0,1633.9128903749236,3329.375,5365.398718708078,2568.2366666666667,4503.713644553051,-0.4058102587380844
2021-05-16,365.0,5,2,2021,19,3,1309.0,2203.0,725.0,2067.75,1444.8887788799996,3268.625,5387.957575861721,2639.4166666666665,4473.926838478766,-0.721161191749427
2021-05-23,45.0,5,2,2021,20,4,365.0,1309.0,4034.0,1977.75,1562.8063166411046,1282.5,1279.7400405662743,2655.25,4464.73910721047,-0.8767123287671232
2021-05-30,1339.0,5,2,2021,21,5,45.0,365.0,2203.0,980.5,975.7764429758857,1260.625,1301.8017116398985,2649.4166666666665,4468.403974948251,28.755555555555556
2021-06-06,240.0,6,2,2021,22,1,1339.0,45.0,1309.0,764.5,659.2447699198474,1313.75,1294.2857655313765,2474.4166666666665,4475.785608204001,-0.8207617625093353
2021-06-13,310.0,6,2,2021,23,2,240.0,1339.0,365.0,497.25,576.408636877236,1282.5,1319.7830990626555,2344.8333333333335,4519.540741618723,0.29166666666666674
2021-06-20,4199.0,6,2,2021,24,3,310.0,240.0,45.0,483.5,581.2506630820648,1230.625,1352.5749979206323,1016.1666666666666,1135.3854638470366,12.54516129032258
2021-06-27,5729.0,6,2,2021,25,4,4199.0,310.0,1339.0,1522.0,1854.0303845047067,1251.25,1401.7921947074951,1347.75,1425.6506728189377,0.36437246963562764
2021-07-04,420.0,7,3,2021,26,1,5729.0,4199.0,240.0,2619.5,2778.466063616158,1692.0,2116.1110556868225,1749.0,1893.348932927626,-0.9266887764007681
2021-07-11,360.0,7,3,2021,27,2,420.0,5729.0,310.0,2664.5,2728.0824156661156,1580.875,2161.943136393739,1743.1666666666667,1897.6833643985894,-0.1428571428571429
2021-07-18,105.0,7,3,2021,28,3,360.0,420.0,4199.0,2677.0,2713.7751073612076,1580.25,2162.3455353587024,1712.75,1918.2996317762056,-0.7083333333333333
2021-07-25,45.0,7,3,2021,29,4,105.0,360.0,5729.0,1653.5,2720.429929257507,1587.75,2156.3556392342016,1385.3333333333333,1818.8119665586566,-0.5714285714285714
2021-08-01,235.0,8,3,2021,30,1,45.0,105.0,420.0,232.5,185.13508581575334,1426.0,2225.11585573169,1205.5,1837.2083813121567,4.222222222222222
2021-08-08,170.0,8,3,2021,31,2,235.0,45.0,360.0,186.25,140.3789514136876,1425.375,2225.4972437958345,1116.0,1857.7531884216771,-0.276595744680851
2021-08-15,140.0,8,3,2021,32,3,170.0,235.0,105.0,138.75,81.99339404289371,1407.875,2236.0462835421936,1099.75,1865.7550811205826,-0.17647058823529416
2021-08-22,300.0,8,3,2021,33,4,140.0,170.0,45.0,147.5,79.00421929665033,900.5,1955.1037239564992,1107.6666666666667,1861.0684288788782,1.1428571428571428
2021-08-29,348.0,8,3,2021,34,5,300.0,140.0,235.0,211.25,71.22441060951697,221.875,130.35494127298819,1021.0833333333334,1873.4553132130109,0.15999999999999992
2021-09-05,35.0,9,3,2021,35,1,348.0,300.0,170.0,239.5,100.27129865190575,212.875,116.46757672661481,1030.0833333333333,1869.6173871256183,-0.8994252873563219
2021-09-12,560.0,9,3,2021,36,2,35.0,348.0,140.0,205.75,144.44924137336184,172.25,114.48237543706344,1007.1666666666666,1880.8975049806472,15.0
2021-09-19,670.0,9,3,2021,37,3,560.0,35.0,300.0,310.75,215.76742880550697,229.125,173.9018093227117,703.9166666666666,1590.430499658009,0.1964285714285714
2021-09-26,200.0,9,3,2021,38,4,670.0,560.0,348.0,403.25,279.5155034460032,307.25,214.9197524658879,282.3333333333333,200.2404615062679,-0.7014925373134329
2021-10-03,35.0,10,4,2021,39,1,200.0,670.0,35.0,366.25,298.42293812642157,302.875,216.947286224093,264.0,196.5271204971717,-0.825
2021-10-10,45.0,10,4,2021,40,2,35.0,200.0,560.0,366.25,298.42293812642157,286.0,233.38686460773042,236.91666666666666,204.33371026709207,0.2857142857142858
2021-10-17,175.0,10,4,2021,41,3,45.0,35.0,670.0,237.5,298.06319240502177,274.125,244.05001682910049,231.91666666666666,208.5458128580069,2.888888888888889
2021-10-24,1208.0,10,4,2021,42,4,175.0,45.0,200.0,113.75,85.8656896942737,258.5,246.14919981878282,242.75,201.2005444597749,5.902857142857143
2021-10-31,351.0,10,4,2021,43,5,1208.0,175.0,35.0,365.75,565.1096501270109,366.0,418.36689298133484,323.8333333333333,343.51811738203514,-0.7094370860927153
2021-11-07,3274.0,11,4,2021,44,1,351.0,1208.0,45.0,444.75,524.0562151779832,405.5,397.0242885697099,338.9166666666667,340.1062556783039,8.327635327635328
2021-11-21,3848.0,11,4,2021,46,3,3274.0,351.0,175.0,1252.0,1421.5191404503391,744.75,1094.6033528178134,600.0833333333334,905.9924200298342,0.17532070861331706
2021-11-28,339.0,11,4,2021,47,4,3848.0,3274.0,1208.0,2170.25,1660.1912289452287,1142.0,1546.8497018133337,895.75,1294.7071360666157,-0.9119022869022869
2021-12-05,1388.0,12,4,2021,48,1,339.0,3848.0,351.0,1953.0,1871.4936993392923,1159.375,1535.4960982878276,895.0,1295.055842951815,3.0943952802359886
2021-12-12,5160.0,12,4,2021,49,2,1388.0,339.0,3274.0,2212.25,1632.1197617413584,1328.5,1466.9434695505965,1007.75,1272.0693323729004,2.717579250720461
2021-12-19,935.0,12,4,2021,50,3,5160.0,1388.0,3848.0,2683.75,2210.8906764770923,1967.875,1883.2372915882295,1391.0833333333333,1734.0737877942654,-0.8187984496124031
2021-12-26,342.0,12,4,2021,51,4,935.0,5160.0,339.0,1955.5,2179.0953015720393,2062.875,1797.073369795616,1413.1666666666667,1725.7232914890726,-0.6342245989304813
2022-01-02,205.0,1,1,2022,52,1,342.0,935.0,1388.0,1956.25,2178.35387008937,1954.625,1880.0898107347346,1425.0,1717.11369878219,-0.4005847953216374
2022-01-09,878.0,1,1,2022,1,2,205.0,342.0,5160.0,1660.5,2354.4123824569624,1936.375,1898.4984245074163,1439.1666666666667,1705.26366041007,3.282926829268293
2022-01-16,311.0,1,1,2022,2,3,878.0,205.0,935.0,590.0,370.44927677979433,1636.875,1845.5889062069818,1508.5833333333333,1659.697368817763,-0.6457858769931664
2022-01-23,3685.9,1,1,2022,3,4,311.0,878.0,342.0,434.0,301.75597204806576,1194.75,1653.9331261312482,1519.9166666666667,1650.2002334886697,10.85176848874598
2022-01-30,55.0,1,1,2022,4,5,3685.9,311.0,205.0,1269.975,1637.492270465219,1613.1125,1821.371787133062,1726.4083333333335,1759.062121213426,-0.9850782712498982
2022-02-06,144.0,2,1,2022,5,1,55.0,3685.9,878.0,1232.475,1671.3777059160918,1446.4875,1904.0068317985922,1701.7416666666668,1782.027736983571,1.6181818181818182
2022-02-13,700.0,2,1,2022,6,2,144.0,55.0,311.0,1048.975,1761.1498712962143,819.4875,1203.445096898898,1440.9083333333335,1759.9071749582977,3.8611111111111107
2022-02-20,375.0,2,1,2022,7,3,700.0,144.0,3685.9,1146.225,1717.0025050942718,790.1125,1203.090764225328,1178.575,1595.4205898160803,-0.4642857142857143
2022-02-27,732.0,2,1,2022,8,4,375.0,700.0,55.0,318.5,287.8755518159549,794.2375,1201.3902160622076,1181.575,1593.7313005676615,0.952
2022-03-06,110.0,3,1,2022,9,1,732.0,375.0,144.0,487.75,280.2289242744347,860.1125,1178.6993866576586,1126.9083333333333,1597.2538680545279,-0.8497267759562841
2022-03-13,90.0,3,1,2022,10,2,110.0,732.0,700.0,479.25,294.2939290346872,764.1125,1207.9466939959364,706.0749999999999,986.5681998496328,-0.18181818181818177
2022-03-20,800.0,3,1,2022,11,3,90.0,110.0,375.0,326.75,299.77032875187496,736.4875,1222.232039505124,635.6583333333333,998.823153387237,7.888888888888889
2022-03-27,135.0,3,1,2022,12,4,800.0,90.0,732.0,433.0,385.60255877436845,375.75,320.9150978062544,673.8249999999999,995.3262253013969,-0.83125
2022-04-03,1115.2,4,2,2022,13,1,135.0,800.0,110.0,283.75,344.6586475534026,385.75,310.5721678266893,667.9916666666667,998.5236560755203,7.260740740740742
2022-04-10,320.0,4,2,2022,14,2,1115.2,135.0,90.0,535.05,504.9363095150451,507.15,383.76630909968884,687.7583333333333,1005.3831268439033,-0.7130559540889527
2022-04-17,376.0,4,2,2022,15,3,320.0,1115.2,800.0,592.55,447.15173785491794,459.65,379.9849733871037,688.5083333333333,1005.0798317079398,0.17500000000000004
2022-04-24,2222.9,4,2,2022,16,4,376.0,320.0,135.0,486.55,431.56630622266323,459.775,379.95331198150143,412.6833333333334,345.41037999177246,4.911968085106383
2022-05-01,35.0,5,2,2022,17,1,2222.9,376.0,1115.2,1008.5250000000001,886.9875511151997,646.1375,733.6023736865698,593.3416666666667,608.2530461132607,-0.9842548022853029
2022-05-08,1200.0,5,2,2022,18,2,35.0,2222.9,320.0,738.475,1000.8170174912126,636.7625,741.8653708004271,584.2583333333333,616.3335024869884,33.285714285714285
2022-05-15,650.0,5,2,2022,19,3,1200.0,35.0,376.0,958.4749999999999,974.5405939039545,775.5125,728.6802501538543,625.9250000000001,641.2661610580911,-0.45833333333333337
2022-05-22,80.0,5,2,2022,20,4,650.0,1200.0,2222.9,1026.975,928.4931892588149,756.7625,729.8889933945911,648.8416666666667,636.3789143674663,-0.8769230769230769
2022-05-29,262.0,5,2,2022,21,5,80.0,650.0,35.0,491.25,549.1868989697466,749.8875,736.8084019947099,594.5083333333333,656.1595945809266,2.275
2022-06-05,565.0,6,2,2022,22,1,262.0,80.0,1200.0,548.0,495.42170588971294,643.2375000000001,738.1244144790213,607.1750000000001,647.3644247323844,1.1564885496183206
2022-06-12,80.0,6,2,2022,23,2,565.0,262.0,650.0,389.25,265.01996780118327,673.8625000000001,727.807770809022,646.7583333333333,627.0707042320352,-0.8584070796460177
2022-06-19,165.0,6,2,2022,24,3,80.0,565.0,80.0,246.75,228.8571242791898,636.8625000000001,752.2278965797899,586.7583333333333,645.2572671681686,1.0625
2022-06-26,700.0,6,2,2022,25,4,165.0,80.0,262.0,268.0,211.50098502530386,379.625,403.3250860038311,589.2583333333333,643.4032984603801,3.242424242424242
2022-07-03,10692.0,7,3,2022,26,1,700.0,165.0,565.0,377.5,301.5653605218503,462.75,390.4747110889484,554.6583333333333,623.4018847615417,14.274285714285714
2022-07-10,95.0,7,3,2022,27,2,10692.0,700.0,80.0,2909.25,5195.752969172675,1649.25,3662.5333445581077,1418.9916666666668,2985.125171871763,-0.9911148522259633
2022-07-17,64.0,7,3,2022,28,3,95.0,10692.0,165.0,2913.0,5193.035014966361,1579.875,3689.323261114428,1395.575,2995.1360181968366,-0.3263157894736842
2022-07-24,880.0,7,3,2022,29,4,64.0,95.0,700.0,2887.75,5211.064662491406,1577.875,3690.256725002824,1215.6666666666667,3005.7438750539345,12.75
2022-07-31,675.0,7,3,2022,30,5,880.0,64.0,10692.0,2932.75,5186.594732256094,1655.125,3665.1588325551656,1286.0833333333333,2985.3986320798504,-0.23295454545454541
2022-08-07,545.0,8,3,2022,31,1,675.0,880.0,95.0,428.5,411.78351917806066,1668.875,3660.6885549618355,1242.3333333333333,2990.6171249223444,-0.19259259259259254
2022-08-14,10.0,8,3,2022,32,2,545.0,675.0,64.0,541.0,346.61313689280166,1727.0,3635.4608275391206,1233.5833333333333,2992.6606422541413,-0.981651376146789
2022-08-21,313.0,8,3,2022,33,3,10.0,545.0,880.0,527.5,371.539589635705,1707.625,3645.374169997603,1227.75,2995.1807996725797,30.3
2022-08-28,1295.0,8,3,2022,34,4,313.0,10.0,675.0,385.75,291.83714065668244,1659.25,3663.180107502223,1232.0,2993.7217032255417,3.137380191693291
2022-09-04,2182.0,9,3,2022,35,1,1295.0,313.0,545.0,540.75,548.4756907405603,484.625,452.98594664420233,1292.8333333333333,2986.3437308501316,0.6849420849420849
2022-09-11,345.0,9,3,2022,36,2,2182.0,1295.0,10.0,950.0,987.626447600509,745.5,719.2458351833347,1468.0,2970.3411190697216,-0.8418881759853345
2022-09-18,943.0,9,3,2022,37,3,345.0,2182.0,313.0,1033.75,890.8024004607686,780.625,687.3645191183922,1483.0,2963.6097461158292,1.7333333333333334
2022-09-25,1175.0,9,3,2022,38,4,943.0,345.0,1295.0,1191.25,768.1399069613994,788.5,689.0245693317898,1503.25,2958.599180970002,0.24602332979851527
2022-10-02,4948.780000000001,10,4,2022,39,1,1175.0,943.0,2182.0,1161.25,765.0744517147774,851.0,699.8503921757655,710.1666666666666,633.4069255489215,3.2117276595744686
2022-10-09,34.0,10,4,2022,40,2,4948.780000000001,1175.0,345.0,1852.9450000000002,2093.298975007313,1401.4725,1590.262293834844,1114.6483333333333,1349.6597417789387,-0.9931296198254923
2022-10-16,85.0,10,4,2022,41,3,34.0,4948.780000000001,943.0,1775.1950000000002,2172.263361588553,1404.4725,1587.2821543375878,1112.1483333333333,1351.808872463005,1.5
2022-10-23,290.0,10,4,2022,42,4,85.0,34.0,1175.0,1560.6950000000002,2319.220699308283,1375.9725,1611.5409627500728,1045.8983333333333,1383.3336416184409,2.411764705882353
2022-10-30,10.0,10,4,2022,43,5,290.0,85.0,4948.780000000001,1339.4450000000002,2408.7654414865724,1250.3475,1657.2773077012282,1013.815,1397.113785881452,-0.9655172413793104
2022-11-06,886.8199999999999,11,4,2022,44,1,10.0,290.0,34.0,104.75,127.39799841442445,978.8475000000001,1660.7555966379546,969.2316666666667,1421.7531176929774,87.68199999999999
2022-11-13,694.0,11,4,2022,45,2,886.8199999999999,10.0,85.0,317.955,397.2795759076154,1046.575,1642.1577423708645,1042.3,1390.1536776002351,-0.21742856498500251
2022-11-20,509.0,11,4,2022,46,3,694.0,886.8199999999999,290.0,470.205,394.93237577252967,1015.45,1646.7546256978133,1074.05,1376.2642905145285,-0.2665706051873199
2022-11-27,130.0,11,4,2022,47,4,509.0,694.0,10.0,524.9549999999999,376.36671137779246,932.2,1654.3534119234803,1008.5500000000001,1383.4777315551903,-0.7445972495088409
2022-12-04,155.0,12,4,2022,48,1,130.0,509.0,886.8199999999999,554.9549999999999,322.57634977371555,329.85249999999996,330.84876526681126,837.5500000000001,1351.7022994862323,0.1923076923076923
2022-12-11,65.0,12,4,2022,49,2,155.0,130.0,694.0,372.0,275.74505133063525,344.97749999999996,317.9040529894909,821.7166666666667,1359.088960813848,-0.5806451612903225
2022-12-18,45.0,12,4,2022,50,3,65.0,155.0,509.0,214.75,199.80052552483818,342.47749999999996,320.310119448997,748.5500000000001,1375.5006021214124,-0.3076923076923077
2022-12-25,111.0,12,4,2022,51,4,45.0,65.0,130.0,98.75,52.181574014859905,311.85249999999996,337.3056812765399,654.3833333333333,1382.3147792238246,1.4666666666666668
2023-01-01,55.0,1,1,2023,52,1,111.0,45.0,155.0,94.0,49.166384179996136,324.47749999999996,326.09760334468115,251.23499999999999,289.4847161454683,-0.5045045045045045
2023-01-08,3000.0,1,1,2023,1,2,55.0,111.0,65.0,69.0,29.166190472331728,220.5,243.27409585545232,252.98499999999999,288.1123186442219,53.54545454545455
2023-01-15,60.0,1,1,2023,2,3,3000.0,55.0,45.0,802.75,1465.1212407169587,508.75,1017.7699361138278,495.90166666666664,837.9013912674229,-0.98
2023-01-22,2265.0,1,1,2023,3,4,60.0,3000.0,111.0,806.5,1462.5522212898932,452.625,1030.0600450597885,476.73499999999996,845.6343820792467,36.75
2023-01-29,459.0,1,1,2023,4,5,2265.0,60.0,55.0,1345.0,1516.657509129863,719.5,1197.4976289866188,664.6516666666666,973.3900767358801,-0.7973509933774834
2023-02-05,210.0,2,1,2023,5,1,459.0,2265.0,3000.0,1446.0,1411.9539652552417,757.5,1181.745198545658,629.0,972.347300467933,-0.542483660130719
2023-02-12,156.0,2,1,2023,6,2,210.0,459.0,60.0,748.5,1024.3041540480058,775.625,1170.6667132755722,588.6666666666666,979.4185040423782,-0.2571428571428571
2023-02-19,60.0,2,1,2023,7,3,156.0,210.0,2265.0,772.5,1003.7126082699174,789.5,1161.3911608805324,559.25,987.2982532695452,-0.6153846153846154
2023-02-26,304.0,2,1,2023,8,4,60.0,156.0,459.0,221.25,170.20649223810753,783.125,1165.7792534854723,553.4166666666666,990.2673154560894,4.066666666666666
2023-03-05,470.0,3,1,2023,9,1,304.0,60.0,210.0,182.5,102.02450685987648,814.25,1146.7303519136494,565.8333333333334,985.7413300135962,0.5460526315789473
2023-03-12,110.0,3,1,2023,10,2,470.0,304.0,156.0,247.5,179.0968080862069,498.0,731.51760060849,599.5833333333334,973.8969012387442,-0.7659574468085106
2023-03-19,230.0,3,1,2023,11,3,110.0,470.0,60.0,236.0,188.17722143412476,504.25,727.443026733269,605.0,970.7075207852749,1.0909090909090908
2023-03-26,85.0,3,1,2023,12,4,230.0,110.0,304.0,278.5,150.6286825276014,249.875,151.9082782471129,614.9166666666666,965.7974997928213,-0.6304347826086957
2023-04-02,120.0,4,2,2023,13,1,85.0,230.0,470.0,223.75,175.94388309913182,203.125,134.95971621192098,617.4166666666666,964.2539705373132,0.41176470588235303
2023-04-09,540.0,4,2,2023,14,2,120.0,85.0,110.0,136.25,64.20994211699369,191.875,138.02115521077386,377.4166666666667,611.0470088051336,3.5
2023-04-16,160.0,4,2,2023,15,3,540.0,120.0,230.0,243.75,206.9369871885343,239.875,183.15523275548682,417.4166666666667,604.0501873088716,-0.7037037037037037
2023-04-23,60.0,4,2,2023,16,4,160.0,540.0,85.0,226.25,211.3991091119693,252.375,172.21078239015944,242.0,164.34166184563776,-0.625
2023-04-30,264.0,4,2,2023,17,5,60.0,160.0,120.0,220.0,217.2556098240065,221.875,183.02883262325318,208.75,156.62875911473702,3.4000000000000004
2023-05-07,158.0,5,2,2023,18,1,264.0,60.0,540.0,256.0,206.8429355815686,196.125,155.56389362574544,213.25,157.4415475949568,-0.4015151515151515
2023-05-14,40.0,5,2,2023,19,2,158.0,264.0,160.0,160.5,83.30466173430914,202.125,152.66624428097847,213.41666666666666,157.3764787400271,-0.7468354430379747
2023-05-21,190.0,5,2,2023,20,3,40.0,158.0,60.0,130.5,102.85750661311836,178.375,162.19207088247282,211.75,159.24373828136012,3.75
2023-05-28,11700.0,5,2,2023,21,4,190.0,40.0,264.0,163.0,93.24519648039606,191.5,157.74391543620658,202.25,156.6188918129975,60.578947368421055
2023-06-04,90.0,6,2,2023,22,1,11700.0,190.0,158.0,3022.0,5785.692928825956,1639.0,4068.2146312251384,1138.0833333333333,3328.7587219244174,-0.9923076923076923
2023-06-11,1360.0,6,2,2023,23,2,90.0,11700.0,40.0,3005.0,5797.002098786349,1582.75,4088.640701469657,1136.4166666666667,3329.3252239710223,14.11111111111111
2023-06-18,135.0,6,2,2023,24,3,1360.0,90.0,190.0,3335.0,5606.392185116319,1732.75,4050.8249512555203,1230.5833333333333,3317.3162882156125,-0.9007352941176471
2023-06-25,183.27,6,2,2023,25,4,135.0,1360.0,11700.0,3321.25,5616.734482775557,1742.125,4046.485050986491,1234.75,3315.777630579974,0.3575555555555556
2023-07-02,50.0,7,3,2023,26,1,183.27,135.0,90.0,442.0675,613.138971380063,1732.03375,4050.7962110427397,1240.0225,3313.893662731679,-0.7271784798384897
2023-07-09,4939.0,7,3,2023,27,2,50.0,183.27,1360.0,432.0675,621.0699355883106,1718.53375,4056.966616535553,1199.1891666666668,3326.2990217561032,97.78
2023-07-16,534.0,7,3,2023,28,3,4939.0,50.0,135.0,1326.8175,2408.751763858548,2330.90875,4136.367438194455,1597.4391666666668,3473.4048163213997,-0.8918809475602348
2023-07-23,590.0,7,3,2023,29,4,534.0,4939.0,183.27,1426.5675,2350.5024685993562,2373.90875,4112.652044367609,1636.9391666666668,3456.987809541339,0.10486891385767794
2023-07-30,80.0,7,3,2023,30,5,590.0,534.0,50.0,1528.25,2286.7214339894285,985.15875,1655.0652896611268,1664.1058333333333,3446.482728792193,-0.864406779661017
2023-08-06,671.0,8,3,2023,31,1,80.0,590.0,4939.0,1535.75,2280.297111489349,983.90875,1655.8415411716308,1657.6058333333333,3449.6535360748603,7.387499999999999
2023-08-13,95.0,8,3,2023,32,2,671.0,80.0,534.0,468.75,265.19851055388983,897.78375,1651.3979185953547,1710.1891666666668,3427.4926836801656,-0.8584202682563338
2023-08-20,10.0,8,3,2023,33,3,95.0,671.0,590.0,359.0,315.2998572787525,892.78375,1654.0957088731286,1702.2725,3431.430604411691,-0.8947368421052632
2023-08-27,88.0,8,3,2023,34,4,10.0,95.0,80.0,214.0,306.91041038062184,871.125,1665.8062344445357,728.1058333333334,1383.1156738088132,7.800000000000001
2023-09-03,165.0,9,3,2023,35,1,88.0,10.0,671.0,216.0,305.77006611722976,875.875,1663.1824431750451,727.9391666666667,1383.1996742892145,0.875
2023-09-10,35.0,9,3,2023,36,2,165.0,88.0,95.0,89.5,63.38506659039187,279.125,270.10708855139444,628.3558333333334,1376.5586951621483,-0.7878787878787878
2023-09-17,1823.0,9,3,2023,37,3,35.0,165.0,10.0,74.5,68.53952630904605,216.75,260.27883400032334,620.0225,1380.1149519588778,51.08571428571429
2023-09-24,179.0,9,3,2023,38,4,1823.0,35.0,88.0,527.75,865.1479160621427,370.875,623.9165323067749,756.6666666666666,1413.7066902510603,-0.9018102029621503
2023-10-01,55.0,10,4,2023,39,1,179.0,1823.0,165.0,550.5,850.8072637207569,383.25,618.2793520269408,767.4166666666666,1408.3248242525806,-0.6927374301675977
2023-10-08,400.5,10,4,2023,40,2,55.0,179.0,35.0,523.0,869.004027608619,306.25,615.6763412239045,360.4166666666667,516.5276474750036,6.281818181818182
2023-10-15,136.5,10,4,2023,41,3,400.5,55.0,1823.0,614.375,818.3252587856911,344.4375,610.1512363750455,349.2916666666667,513.880002721424,-0.6591760299625469
2023-10-22,80.0,10,4,2023,42,4,136.5,400.5,179.0,192.75,147.74781442264458,360.25,601.8282859041126,311.5,511.2374026009667,-0.4139194139194139
2023-10-29,800.0,10,4,2023,43,5,80.0,136.5,55.0,168.0,158.7046523157662,359.25,602.3517007766875,311.5,511.2374026009667,9.0
2023-11-05,2530.6,11,4,2023,44,1,800.0,80.0,400.5,354.25,328.3596859136865,438.625,614.8074466274528,322.25,520.7517075431361,2.1632499999999997
2023-11-12,409.0,11,4,2023,45,2,2530.6,800.0,136.5,886.775,1143.6038077790174,750.575,932.0377992794666,525.2166666666667,815.4099524816102,-0.8383782502173398
2023-11-19,90.0,11,4,2023,46,3,409.0,2530.6,80.0,954.9,1090.914191553733,573.825,827.8642758844659,558.4666666666667,800.4895460487504,-0.7799511002444988
2023-11-26,610.0,11,4,2023,47,4,90.0,409.0,800.0,957.4,1088.2491013856468,562.7,834.4993828637603,558.6333333333333,800.3828882970881,5.777777777777778
2023-12-03,150.0,12,4,2023,48,1,610.0,90.0,2530.6,909.9,1101.4755739461502,632.075,808.9410551543805,595.7166666666667,790.7378428155612,-0.7540983606557377
2023-12-10,155.0,12,4,2023,49,2,150.0,610.0,409.0,314.75,240.63163410768513,600.7625,823.8953607926865,605.3000000000001,783.9925660593758,0.03333333333333344
2023-12-17,103.27000000000001,12,4,2023,50,3,155.0,150.0,90.0,251.25,240.9832290153574,603.075,822.4307799791661,466.3,690.7974693326291,-0.3337419354838709
2023-12-24,90.0,12,4,2023,51,4,103.27000000000001,155.0,610.0,254.5675,238.09749030947006,605.98375,820.3550286123926,459.9891666666667,693.999223964177,-0.12849811174590886
2023-12-31,4939.0,12,4,2023,52,5,90.0,103.27000000000001,150.0,124.5675,32.76911490516998,517.23375,834.6480041471268,462.9058333333333,692.2136970678451,53.87777777777778
2024-01-07,225.0,1,1,2024,1,1,4939.0,90.0,155.0,1321.8175,2411.618037727299,818.28375,1675.443878447375,841.1141666666666,1464.2957912343109,-0.954444219477627
2024-01-14,3839.9,1,1,2024,2,2,225.0,4939.0,103.27000000000001,1339.3175,2400.55724292472,795.28375,1683.1104602061487,848.4891666666666,1460.6426562395459,16.066222222222223
2024-01-21,710.0,1,1,2024,3,3,3839.9,225.0,90.0,2273.475,2484.7886367187584,1264.02125,1958.2999164467515,1161.8141666666668,1669.1897644854164,-0.8150993515456132
2024-01-28,400.0,1,1,2024,4,4,710.0,3839.9,4939.0,2428.475,2316.8451759163077,1276.52125,1953.8429418268968,1154.3141666666668,1671.164284359089,-0.43661971830985913
2024-02-04,615.0,2,1,2024,5,1,400.0,710.0,225.0,1293.725,1709.255150399339,1307.77125,1935.1612175101468,976.7641666666667,1624.1705535019653,0.5375000000000001
2024-02-11,182.0,2,1,2024,6,2,615.0,400.0,3839.9,1391.225,1637.5926444530298,1365.27125,1902.5750600656797,993.9308333333333,1618.7034847087762,-0.7040650406504065
2024-02-18,400.0,2,1,2024,7,3,182.0,615.0,710.0,476.75,235.43346547733609,1375.1125,1895.3044199038684,1001.5975,1614.2447172488783,1.197802197802198
2024-02-25,560.0,2,1,2024,8,4,400.0,182.0,400.0,399.25,176.77363114069945,1413.8625,1868.2524171286757,984.0975,1620.003985091199,0.3999999999999999
2024-03-03,1435.0,3,1,2024,9,1,560.0,400.0,615.0,439.25,194.23932832119254,866.4875,1215.2660677957358,1018.2641666666667,1605.0679324477117,1.5625
2024-03-10,770.0,3,1,2024,10,2,1435.0,560.0,182.0,644.25,549.459355488042,1017.7375,1199.2133766259312,1124.9308333333333,1584.88841435408,-0.46341463414634143
2024-03-17,294.0,3,1,2024,11,3,770.0,1435.0,400.0,791.25,455.12589833290565,634.0,375.2191740455488,1180.4916666666666,1557.262315416113,-0.6181818181818182
2024-03-24,60.0,3,1,2024,12,4,294.0,770.0,560.0,764.75,487.43914150042133,582.0,391.6481657231155,1197.4916666666666,1545.3435190087757,-0.7959183673469388
2024-03-31,735.0,3,1,2024,13,5,60.0,294.0,1435.0,639.75,606.9159057618015,539.5,430.71833686793605,790.9083333333334,1026.035402063633,11.25
2024-04-07,839.8199999999999,4,2,2024,14,1,735.0,60.0,770.0,464.75,346.02059187279787,554.5,435.7830390720276,833.4083333333334,1010.9146897361045,0.1426122448979592
2024-04-14,5444.0,4,2,2024,15,2,839.8199999999999,735.0,294.0,482.205,367.63749550338486,636.7275,417.117379565644,583.4016666666666,363.3734087892967,5.482341454121122
2024-04-21,110.0,4,2,2024,16,3,5444.0,839.8199999999999,60.0,1769.705,2473.784919531203,1267.2275,1735.8199107688058,977.9016666666666,1452.0915509694873,-0.9797942689199118
2024-04-28,205.0,4,2,2024,17,4,110.0,5444.0,735.0,1782.205,2462.366069745385,1210.9775,1768.9862952045235,953.735,1464.9400617493482,0.8636363636363635
2024-05-05,715.0,5,2,2024,18,1,205.0,110.0,839.8199999999999,1649.705,2550.1929524580423,1057.2275,1799.9158606664278,919.5683333333333,1478.279023864227,2.4878048780487805
2024-05-19,270.0,5,2,2024,20,3,715.0,205.0,5444.0,1618.5,2564.1318868836165,1050.3525,1801.2742171803181,963.985,1462.0211623173032,-0.6223776223776224
2024-05-26,260.0,5,2,2024,21,4,270.0,715.0,110.0,325.0,268.1728298442435,1047.3525,1802.7332644130759,953.1516666666666,1467.0530893401324,-0.03703703703703709
2024-06-02,788.0,6,2,2024,22,1,260.0,270.0,205.0,362.5,236.73121185570258,1072.3525,1788.414683389812,928.1516666666666,1476.885033882483,2.0307692307692307
2024-06-09,1265.0,6,2,2024,23,2,788.0,260.0,715.0,508.25,282.48702035079305,1078.9775,1787.084140170797,874.235,1468.4855095610958,0.6053299492385786
2024-06-16,2523.0,6,2,2024,24,3,1265.0,788.0,270.0,645.75,480.8661456164309,1132.125,1785.277044326733,915.485,1472.238870493138,0.9944664031620554
2024-06-23,4349.0,6,2,2024,25,4,2523.0,1265.0,260.0,1209.0,967.3975397942678,767.0,809.4297816540771,1101.235,1526.3201239850769,0.7237415774871185
2024-07-07,1838.0,7,3,2024,27,1,4349.0,2523.0,788.0,2231.25,1590.2403120283427,1296.875,1451.06713810413,1458.6516666666666,1746.6079181286507,-0.5773741089905726
2024-07-14,188.0,7,3,2024,28,2,1838.0,4349.0,1265.0,2493.75,1339.4828293039072,1501.0,1389.0623764663278,1550.5683333333334,1734.0410175595011,-0.8977149075081611
2024-07-21,5260.0,7,3,2024,29,3,188.0,1838.0,2523.0,2224.5,1722.3353332031484,1435.125,1443.107602908191,1496.25,1768.201558080979,26.97872340425532
2024-07-28,1350.0,7,3,2024,30,4,5260.0,188.0,4349.0,2908.75,2320.322014290258,2058.875,1879.8767769267665,1480.9166666666667,1731.2677151483977,-0.7433460076045628
2024-08-04,831.0,8,3,2024,31,1,1350.0,5260.0,1838.0,2159.0,2180.104278851511,2195.125,1766.982774392551,1584.25,1678.196007893325,-0.3844444444444445
2024-08-11,299.0,8,3,2024,32,2,831.0,1350.0,188.0,1907.25,2285.1400212386698,2200.5,1762.149742299363,1636.4166666666667,1640.7359467536814,-0.6401925391095067
2024-08-18,291.0,8,3,2024,33,3,299.0,831.0,5260.0,1935.0,2257.8132488464735,2079.75,1865.479620442344,1601.75,1666.1717757673243,-0.026755852842809347
2024-08-25,3625.9,8,3,2024,34,4,291.0,299.0,1350.0,692.75,505.8104882265713,1800.75,1954.5013065083517,1603.5,1664.6562025617407,11.460137457044674
2024-09-01,180.0,9,3,2024,35,1,3625.9,291.0,831.0,1261.725,1596.244959010574,1710.3625,1832.7482392278687,1883.9916666666668,1700.879067080707,-0.9503571527069141
2024-09-08,1114.0,9,3,2024,36,2,180.0,3625.9,299.0,1098.975,1685.4918775142967,1503.1125,1908.4346730370405,1833.325,1744.9790345836154,5.188888888888889
2024-09-15,260.0,9,3,2024,37,3,1114.0,180.0,291.0,1302.725,1603.8347906917766,1618.8625,1844.2793195155807,1820.7416666666668,1749.9871482428534,-0.7666068222621185
2024-09-22,4590.0,9,3,2024,38,4,260.0,1114.0,3625.9,1294.975,1610.414626475638,993.8625,1150.9740259418772,1632.1583333333335,1788.9303281612601,16.653846153846153
2024-09-29,312.0,9,3,2024,39,5,4590.0,260.0,180.0,1536.0,2079.4159436405857,1398.8625,1722.3886843048595,1652.2416666666668,1823.2275953565697,-0.9320261437908497
2024-10-06,2369.0,10,4,2024,40,1,312.0,4590.0,1114.0,1569.0,2051.5844283545016,1333.9875,1756.2741247453362,1525.075,1861.901099377633,6.592948717948718
2024-10-13,1345.0,10,4,2024,41,2,2369.0,312.0,260.0,1882.75,2054.7680120474265,1592.7375,1734.3558235490684,1706.825,1825.6126205269493,-0.43224989447024065
2024-10-20,65.0,10,4,2024,42,3,1345.0,2369.0,4590.0,2154.0,1828.274778764578,1724.4875,1659.7727774242376,1380.575,1442.5379100895257,-0.9516728624535316
2024-10-27,1205.0,10,4,2024,43,4,65.0,1345.0,312.0,1022.75,1054.938347329676,1279.375,1550.9189844826092,1273.4916666666666,1491.8649862494165,17.53846153846154
2024-11-03,179.0,11,4,2024,44,1,1205.0,65.0,2369.0,1246.0,942.9337198340088,1407.5,1488.1928638452735,1304.6583333333333,1485.674270221091,-0.8514522821576763
2024-11-17,4704.0,11,4,2024,46,3,179.0,1205.0,1345.0,698.5,669.7529395232258,1290.625,1549.9685653494475,1294.6583333333333,1493.442223040653,25.279329608938546
2024-11-24,5889.0,11,4,2024,47,4,4704.0,179.0,65.0,1538.25,2171.8697589864823,1846.125,1887.4441098631607,1662.4083333333335,1745.8383297317678,0.25191326530612246
2024-12-01,390.0,12,4,2024,48,1,5889.0,4704.0,1205.0,2994.25,2734.341526461779,2008.5,2189.0043398769217,1851.0,2069.462863995039,-0.9337748344370861
2024-12-08,45.0,12,4,2024,49,2,390.0,5889.0,179.0,2790.5,2935.1045977954514,2018.25,2180.5258048723667,1868.5,2054.88435861309,-0.8846153846153846
2024-12-15,220.0,12,4,2024,50,3,45.0,390.0,4704.0,2757.0,2975.335611321855,1727.75,2279.674710504611,1779.4166666666667,2112.9191120917117,3.8888888888888893
2024-12-22,70.0,12,4,2024,51,4,220.0,45.0,5889.0,1636.0,2838.8296884455744,1587.125,2340.544102645487,1776.0833333333333,2115.56394623421,-0.6818181818181819
2024-12-29,330.0,12,4,2024,52,5,70.0,220.0,390.0,181.25,159.18411771697356,1587.75,2340.0802031432286,1399.4166666666667,1966.117052759453,3.7142857142857144
