date,amount,month,quarter,year,week_of_year,week_of_month,lag_1,lag_2,lag_4,rolling_mean_4,rolling_std_4,rolling_mean_8,rolling_std_8,rolling_mean_12,rolling_std_12,pct_change
2020-04-05,390.0,4,2,2020,14,1,422.0,60.0,200.0,353.475,293.02065200255083,555.1125,318.0847840143074,528.8249999999999,268.7525124618288,-0.07582938388625593
2020-04-12,180.0,4,2,2020,15,2,390.0,422.0,731.9,400.975,274.6742358382623,478.3625,263.7323206667809,536.7416666666667,262.5665645761724,-0.5384615384615384
2020-04-19,400.0,4,2,2020,16,3,180.0,390.0,60.0,263.0,172.73100474437126,437.2375,283.2047615494586,512.5749999999999,281.90182728615423,1.2222222222222223
2020-04-26,370.0,4,2,2020,17,4,400.0,180.0,422.0,348.0,112.79479893446629,397.3625,259.31529588239,490.2416666666666,279.07084619674924,-0.07499999999999996
2020-05-03,865.0,5,2,2020,18,1,370.0,400.0,390.0,335.0,104.08329997330668,344.2375,203.8087194090157,481.7416666666666,281.2220425161756,1.3378378378378377
2020-05-10,320.0,5,2,2020,19,2,865.0,370.0,180.0,453.75,290.95747111906235,427.3625,263.4596631500596,470.1583333333333,259.80190165982344,-0.630057803468208
2020-05-17,1420.0,5,2,2020,20,3,320.0,865.0,400.0,488.75,252.99456515901682,375.875,234.04910199113596,454.4083333333333,262.9430303259047,3.4375
2020-05-24,680.0,5,2,2020,21,4,1420.0,320.0,370.0,743.75,513.5720494730997,545.875,404.0284422449206,512.8249999999999,379.2262268572199,-0.5211267605633803
2020-05-31,648.5,5,2,2020,22,5,680.0,1420.0,865.0,821.25,458.8459254840706,578.125,403.0237275893319,503.2416666666666,372.846606183326,-0.04632352941176465
2020-06-07,1168.88,6,2,2020,23,1,648.5,680.0,320.0,767.125,464.6967425106399,610.4375,396.0890445972976,540.6166666666667,362.007319949431,0.8024363916730919
2020-06-14,605.0,6,2,2020,24,2,1168.88,648.5,1420.0,979.345,378.22664647007616,734.0475,396.87202801586886,577.0316666666668,402.6904035661173,-0.4824105126274725
2020-06-21,721.0,6,2,2020,25,3,605.0,1168.88,680.0,775.595,263.98692410799435,759.6725,378.4110097971706,622.4483333333334,368.34563466775046,0.19173553719008263
2020-06-28,740.0,6,2,2020,26,4,721.0,605.0,648.5,785.845,259.8007238250117,803.5475,345.7114871330057,647.3650000000001,363.6364800306633,0.026352288488210807
2020-07-05,724.0,7,3,2020,27,1,740.0,721.0,1168.88,808.72,247.40944525219723,787.9225,345.36187570844754,676.5316666666668,355.05217956682304,-0.021621621621621623
2020-07-12,290.0,7,3,2020,28,2,724.0,740.0,605.0,697.5,62.22807512155009,838.4225,292.6861791724567,721.8650000000001,318.76619612328585,-0.5994475138121547
2020-07-19,20.0,7,3,2020,29,3,290.0,724.0,721.0,618.75,219.32529113928763,697.1725,239.81503180278642,712.6983333333334,330.23858212547253,-0.9310344827586207
2020-07-26,875.0,7,3,2020,30,4,20.0,290.0,740.0,443.5,350.95441299405246,614.6725,339.41050710859605,683.5316666666668,375.59809666071465,42.75
2020-08-02,869.0,8,3,2020,31,1,875.0,20.0,724.0,477.25,392.95069665290066,642.985,351.85422561867057,684.3650000000001,376.04814315819635,-0.006857142857142895
2020-08-09,1350.0,8,3,2020,32,2,869.0,875.0,290.0,513.5,428.39117637971947,605.5,299.9728559148549,730.1150000000001,360.77514348212173,0.5535097813578826
2020-08-16,74.0,8,3,2020,33,3,1350.0,869.0,20.0,778.5,553.6054551754345,698.625,399.0681780276219,724.2816666666668,348.97948785340424,-0.9451851851851851
2020-08-23,460.0,8,3,2020,34,4,74.0,1350.0,875.0,792.0,529.0576528129991,617.75,455.4616966802556,673.7816666666668,396.57120103189396,5.216216216216216
2020-08-30,195.0,8,3,2020,35,5,460.0,74.0,869.0,688.25,547.7179170582851,582.75,455.48365189417854,658.0733333333334,401.36792346658547,-0.5760869565217391
2020-09-06,505.0,9,3,2020,36,1,195.0,460.0,1350.0,519.75,576.4953743671033,516.625,470.20905305133016,576.9166666666666,386.89144785616855,1.5897435897435899
2020-09-13,125.0,9,3,2020,37,2,505.0,195.0,74.0,308.5,207.7153500987989,543.5,461.4687731270975,568.5833333333334,387.3083005784535,-0.7524752475247525
2020-09-20,275.0,9,3,2020,38,3,125.0,505.0,460.0,321.25,189.269428769325,556.625,445.6753903587549,518.9166666666666,403.84728399220256,1.2000000000000002
2020-09-27,560.0,9,3,2020,39,4,275.0,125.0,195.0,275.0,165.12621435334424,481.625,434.7964835907222,480.1666666666667,403.0133842427418,1.0363636363636362
2020-10-04,746.9,10,4,2020,40,1,560.0,275.0,505.0,366.25,202.7467632294038,443.0,408.39126897061425,466.5,396.72465835318894,0.33375
2020-10-11,854.0,10,4,2020,41,2,746.9,560.0,125.0,426.725,279.48327767506936,367.6125,236.55987123468648,504.575,400.1557017984601,0.14339268978444242
2020-10-18,160.0,10,4,2020,42,3,854.0,746.9,275.0,608.975,253.63911863117625,465.1125,258.02505657673754,574.0749999999999,380.2741047885423,-0.8126463700234192
2020-10-25,80.0,10,4,2020,43,4,160.0,854.0,560.0,580.225,305.35848195195086,427.6125,279.7590822603314,514.4916666666667,384.8249317625621,-0.5
2020-11-01,770.0,11,4,2020,44,1,80.0,160.0,746.9,460.225,396.6305617321992,413.2375,295.90750455167574,448.7416666666666,386.1491244168226,8.625
2020-11-08,330.0,11,4,2020,45,2,770.0,80.0,854.0,466.0,402.32325311868306,446.3625,321.38311777823236,400.4083333333333,286.53567272230543,-0.5714285714285714
2020-11-15,928.0,11,4,2020,46,3,330.0,770.0,160.0,335.0,308.1666215972563,471.9875,299.52891793376386,421.7416666666666,269.0189599885726,1.812121212121212
2020-11-22,610.0,11,4,2020,47,4,928.0,330.0,80.0,527.0,390.92539782759906,553.6125,325.98536530472836,460.7416666666666,306.3962095016347,-0.3426724137931034
2020-11-29,535.0,11,4,2020,48,5,610.0,928.0,770.0,659.5,255.1620400190173,559.8625,326.60405446481707,495.325,296.9500022960706,-0.12295081967213117
2020-12-06,619.0,12,4,2020,49,1,535.0,610.0,330.0,600.75,248.19800563259955,533.375,317.74065682565714,497.825,297.16506623576913,0.15700934579439263
2020-12-13,125.0,12,4,2020,50,2,619.0,535.0,928.0,673.0,174.12064782787803,504.0,293.8274517953887,538.9916666666667,274.14767241010594,-0.7980613893376414
2020-12-20,746.01,12,4,2020,51,3,125.0,619.0,610.0,472.25,234.54264004653805,499.625,299.8794698350847,526.4916666666667,290.2270128970622,4.96808
2020-12-27,290.0,12,4,2020,52,4,746.01,125.0,535.0,506.2525,268.56131830862495,582.87625,255.97659981989992,541.9925,297.06612202810703,-0.6112652645406897
2021-01-03,70.0,1,1,2021,53,1,290.0,746.01,619.0,445.0025,287.11671266519227,522.87625,262.03307795213846,503.9175,297.69535349612323,-0.7586206896551724
2021-01-10,150.0,1,1,2021,1,2,70.0,290.0,125.0,307.7525,306.76240266966647,490.37624999999997,302.3892920410236,438.5841666666667,299.90196354076437,1.1428571428571428
2021-01-17,580.0,1,1,2021,2,3,150.0,70.0,746.01,314.0025,302.01580536731285,393.12624999999997,264.2390510199593,437.75083333333333,300.7591024983383,2.8666666666666667
2021-01-24,440.99,1,1,2021,3,4,580.0,150.0,290.0,272.5,224.25803590209782,389.37624999999997,260.91350717581827,479.4175,280.6538224194288,-0.23967241379310344
2021-01-31,500.0,1,1,2021,4,5,440.99,580.0,70.0,310.2475,240.31793876376892,377.625,255.47825604987557,452.0,265.338565918406,0.1338125581078935
2021-02-07,50.0,2,1,2021,5,1,500.0,440.99,150.0,417.7475,187.36798470300786,362.75,242.55414718014157,466.1666666666667,262.75840387333096,-0.9
2021-02-14,454.84,2,1,2021,6,2,50.0,500.0,580.0,392.7475,235.4922398402969,353.375,254.22486536810013,393.0,244.04286139938588,8.0968
2021-02-21,175.0,2,1,2021,7,3,454.84,50.0,440.99,361.4575,209.161427670113,316.97875,206.31023175496114,380.07,235.45991108312384,-0.6152493184416499
2021-02-28,115.0,2,1,2021,8,4,175.0,454.84,500.0,294.96,217.5613470571766,302.60375,212.37580222248232,350.07,236.8554348120385,-0.34285714285714286
2021-03-07,779.0,3,1,2021,9,1,115.0,175.0,50.0,198.70999999999998,178.21968578134096,308.22875,205.82999472085157,308.07,229.40080585576092,5.773913043478261
2021-03-14,485.0,3,1,2021,10,2,779.0,115.0,454.84,380.96,303.890517127468,386.85375,251.76406602426707,362.57,257.8740825568659,-0.3774069319640565
2021-03-21,1435.0,3,1,2021,11,3,485.0,779.0,175.0,388.5,306.6958319464633,374.97875,243.4558047565162,340.81916666666666,232.33501541987022,1.9587628865979383
2021-03-28,325.0,3,1,2021,12,4,1435.0,485.0,115.0,703.5,558.2314334873424,499.23,448.9154680847101,436.23583333333335,390.7070721247994,-0.7735191637630662
2021-04-04,754.0,4,2,2021,13,1,325.0,1435.0,779.0,756.0,490.1605179258456,477.355,453.1166764595123,457.48583333333335,375.6204749588782,1.3199999999999998
2021-04-11,490.0,4,2,2021,14,2,754.0,325.0,485.0,749.75,489.92882136081755,565.355,425.8019689614277,507.81916666666666,371.11256970109685,-0.35013262599469497
2021-04-18,635.0,4,2,2021,15,3,490.0,754.0,1435.0,751.0,489.0337411672122,569.75,424.67828159342326,500.31916666666666,370.4300183314799,0.29591836734693877
2021-04-25,684.0,4,2,2021,16,4,635.0,490.0,325.0,551.0,185.34832073693002,627.25,393.5990526992086,516.4866666666667,371.83631582955553,0.0771653543307087
2021-05-02,543.0,5,2,2021,17,1,684.0,635.0,754.0,640.75,111.73592379654157,698.375,334.8329807530914,531.82,374.87601305449823,-0.20614035087719296
2021-05-09,649.0,5,2,2021,18,2,543.0,684.0,490.0,588.0,87.66223055949777,668.875,337.1033913038721,572.9033333333333,342.92494188917925,0.1952117863720073
2021-05-16,365.0,5,2,2021,19,3,649.0,543.0,635.0,627.75,60.14080700045973,689.375,329.2185281628517,589.0833333333334,341.42521032053895,-0.43759630200308164
2021-05-23,70.0,5,2,2021,20,4,365.0,649.0,684.0,560.25,143.30707123748832,555.625,153.45724160169203,604.9166666666666,324.4607997987748,-0.8082191780821918
2021-05-30,679.0,5,2,2021,21,5,70.0,365.0,543.0,406.75,253.24082740874653,523.75,220.18158090864148,601.1666666666666,330.8352606615107,8.7
2021-06-06,240.0,6,2,2021,22,1,679.0,70.0,649.0,440.75,284.7951017837208,514.375,210.3547598700825,592.8333333333334,327.18797303227655,-0.6465390279823269
2021-06-13,310.0,6,2,2021,23,2,240.0,679.0,365.0,338.5,257.18799868319394,483.125,231.9540825865574,572.4166666666666,341.8443181900028,0.29166666666666674
2021-06-20,1510.0,6,2,2021,24,3,310.0,240.0,70.0,324.75,256.76886493498364,442.5,230.00683219666087,478.6666666666667,214.21668440807267,3.870967741935484
2021-06-27,810.0,6,2,2021,25,4,1510.0,310.0,679.0,684.75,582.8981471921144,545.75,441.79366547874235,577.4166666666666,360.2767770209538,-0.4635761589403974
2021-07-04,465.02,7,3,2021,26,1,810.0,1510.0,240.0,717.5,586.1384933045545,579.125,451.5340320981988,582.0833333333334,363.1234346443077,-0.4259012345679013
2021-07-11,375.0,7,3,2021,27,2,465.02,810.0,310.0,773.755,533.465525377851,556.1275,452.1515596646139,580.0016666666667,363.7703321861032,-0.193583071695841
2021-07-18,105.0,7,3,2021,28,3,375.0,465.02,1510.0,790.005,515.31123291334,557.3775,451.5611302312394,558.335,367.9161136726686,-0.72
2021-07-25,55.0,7,3,2021,29,4,105.0,375.0,810.0,438.755,290.9580727527591,561.7525,446.30348904721143,510.08500000000004,387.38858969679615,-0.47619047619047616
2021-08-01,235.0,8,3,2021,30,1,55.0,105.0,465.02,250.005,200.75573906283856,483.75250000000005,476.3982053387692,469.41833333333335,408.64996583725264,3.2727272727272725
2021-08-08,170.0,8,3,2021,31,2,235.0,55.0,375.0,192.5,143.3817747600203,483.12750000000005,476.76681187677366,434.91833333333335,409.5853912929585,-0.276595744680851
2021-08-15,140.0,8,3,2021,32,3,170.0,235.0,105.0,141.25,78.2490681520651,465.62750000000005,486.4994274479086,418.66833333333335,416.42270049539644,-0.17647058823529416
2021-08-22,300.0,8,3,2021,33,4,140.0,170.0,55.0,150.0,74.7217059048654,294.37750000000005,249.99391431164318,424.5016666666667,411.55631674354726,1.1428571428571428
2021-08-29,348.0,8,3,2021,34,5,300.0,140.0,235.0,211.25,71.22441060947104,230.6275,140.98188857843724,392.91833333333335,404.7362553527538,0.15999999999999992
2021-09-05,35.0,9,3,2021,35,1,348.0,300.0,170.0,239.5,100.27129865187344,216.0,117.2640488080519,401.91833333333335,402.2196867347116,-0.8994252873563219
2021-09-12,560.0,9,3,2021,36,2,35.0,348.0,140.0,205.75,144.44924137333916,173.5,112.93866856459255,379.0016666666667,415.5462385787766,15.0
2021-09-19,596.0,9,3,2021,37,3,560.0,35.0,300.0,310.75,215.76742880549233,230.375,172.4188732625953,299.83500000000004,229.20024466510765,0.06428571428571428
2021-09-26,200.0,9,3,2021,38,4,596.0,560.0,348.0,384.75,257.56212842729786,298.0,198.00360747074438,282.0016666666667,191.04719083054363,-0.6644295302013423
2021-10-03,35.0,10,4,2021,39,1,200.0,596.0,35.0,347.75,274.66388550371863,293.625,199.97138188107974,259.9166666666667,183.12065487657026,-0.825
2021-10-10,45.0,10,4,2021,40,2,35.0,200.0,560.0,347.75,274.66388550371863,276.75,216.87570502149723,231.58333333333334,189.87434042417325,0.2857142857142858
2021-10-17,175.0,10,4,2021,41,3,45.0,35.0,596.0,219.0,262.43856423932795,264.875,227.76080027708278,226.58333333333334,194.25028762507387,2.888888888888889
2021-10-24,550.0,10,4,2021,42,4,175.0,45.0,200.0,113.75,85.86568969423426,249.25,229.28943032146708,236.58333333333334,187.58874667417436,2.142857142857143
2021-10-31,351.0,10,4,2021,43,5,550.0,175.0,35.0,201.25,241.0869483540462,274.5,251.74079639865414,262.8333333333333,208.24890410421318,-0.3618181818181818
2021-11-07,1396.0,11,4,2021,44,1,351.0,550.0,45.0,280.25,219.23408342074276,314.0,232.87765028014186,277.9166666666667,207.4671752058106,2.977207977207977
2021-11-21,1669.0,11,4,2021,46,3,1396.0,351.0,175.0,618.0,540.8160500576881,418.5,447.60792792672606,382.5833333333333,378.1650573573138,0.19555873925501444
2021-11-28,339.0,11,4,2021,47,4,1669.0,1396.0,550.0,991.5,639.7366645737915,552.625,631.415402658413,496.6666666666667,527.857131727091,-0.7968843618933493
2021-12-05,728.0,12,4,2021,48,1,339.0,1669.0,351.0,938.75,694.6204599155809,570.0,622.170624277847,495.9166666666667,528.093906651482,1.1474926253687316
2021-12-12,500.0,12,4,2021,49,2,728.0,339.0,1396.0,1033.0,608.5299225729714,656.625,584.1210582698469,553.6666666666666,510.71364211505477,-0.3131868131868132
2021-12-19,575.0,12,4,2021,50,3,500.0,728.0,1669.0,809.0,595.1307979483724,713.5,536.2502081251679,548.6666666666666,510.93965723295867,0.1499999999999999
2021-12-26,342.0,12,4,2021,51,4,575.0,500.0,339.0,535.5,161.74980680050234,763.5,496.00547232004277,546.9166666666666,510.7987432057816,-0.40521739130434786
2022-01-02,205.0,1,1,2022,52,1,342.0,575.0,728.0,536.25,160.53737882499465,737.5,513.923562965767,558.75,503.6257854977064,-0.4005847953216374
2022-01-09,879.0,1,1,2022,1,2,205.0,342.0,500.0,405.5,165.22005527981918,719.25,531.8876761121658,572.9166666666666,489.75364091334615,3.2878048780487807
2022-01-16,311.0,1,1,2022,2,3,879.0,205.0,575.0,500.25,295.1015361984185,654.625,465.1343699866279,642.4166666666666,466.65861735482304,-0.646188850967008
2022-01-23,525.9,1,1,2022,3,4,311.0,879.0,342.0,434.25,302.2464502135079,484.875,230.852728255174,653.75,455.8000209421991,0.6909967845659164
2022-01-30,55.0,1,1,2022,4,5,525.9,311.0,205.0,480.225,297.48591423236576,508.2375,223.31526681545355,651.7416666666667,456.3514802875149,-0.8954173797299867
2022-02-06,144.0,2,1,2022,5,1,55.0,525.9,879.0,442.725,348.7769619207474,424.1125,253.43370751962516,627.0749999999999,481.3973167674588,1.6181818181818182
2022-02-13,710.22,2,1,2022,6,2,144.0,55.0,311.0,258.975,207.1880043985812,379.6125,268.9829014082494,522.7416666666667,432.82030799761634,3.932083333333334
2022-02-20,375.0,2,1,2022,7,3,710.22,144.0,525.9,358.78,310.8332376049895,396.515,286.6810314617974,442.8433333333333,253.2161570075986,-0.47199459322463466
2022-02-27,472.0,2,1,2022,8,4,375.0,710.22,55.0,321.055,292.39995229137753,400.64,286.02122338835534,445.8433333333333,252.0847483516506,0.2586666666666666
2022-03-06,110.0,3,1,2022,9,1,472.0,375.0,144.0,425.305,234.53505516233568,434.015,275.3084235647619,424.51,236.37881330994543,-0.7669491525423728
2022-03-13,90.0,3,1,2022,10,2,110.0,472.0,710.22,416.805,248.33835540783167,337.89,227.91509747522846,392.01,251.3901670891102,-0.18181818181818177
2022-03-20,790.0,3,1,2022,11,3,90.0,110.0,375.0,261.75,191.0992325119767,310.265,244.43471129468153,351.5933333333333,258.19122474114636,7.777777777777779
2022-03-27,135.0,3,1,2022,12,4,790.0,90.0,472.0,365.5,333.028026848592,343.2775,291.0981455380888,388.9266666666667,287.4136761892271,-0.8291139240506329
2022-04-03,1160.2,4,2,2022,13,1,135.0,790.0,110.0,281.25,339.66588976031505,353.2775,280.978522908272,383.0933333333333,292.1572169952748,7.594074074074074
2022-04-10,320.0,4,2,2022,14,2,1160.2,135.0,90.0,543.8,520.7735528359069,480.3025,383.7570951135628,406.52666666666664,342.4903621559252,-0.7241854852611619
2022-04-17,340.0,4,2,2022,15,3,320.0,1160.2,790.0,601.3,463.5163715195683,431.52500000000003,375.05950670717397,407.27666666666664,342.27194130699706,0.0625
2022-04-24,1012.9,4,2,2022,16,4,340.0,320.0,135.0,488.8,457.0146897712003,427.15000000000003,376.01596850589823,391.785,340.61784153612257,1.9791176470588234
2022-05-01,35.0,5,2,2022,17,1,1012.9,340.0,1160.2,708.275,440.99000272114984,494.76250000000005,429.9893684316925,471.60999999999996,365.8267092490649,-0.9654457498272287
2022-05-08,1110.0,5,2,2022,18,2,35.0,1012.9,320.0,426.975,414.7130765159608,485.38750000000005,440.2713852597867,462.52666666666664,375.91474974891287,30.714285714285715
2022-05-15,470.0,5,2,2022,19,3,1110.0,35.0,340.0,624.475,521.2214204794986,612.8875,456.7950069701477,495.8416666666667,415.49334850453994,-0.5765765765765766
2022-05-22,82.0,5,2,2022,20,4,470.0,1110.0,1012.9,656.975,501.24072975633806,572.8875,453.06570774636475,503.7583333333334,413.88348702664285,-0.825531914893617
2022-05-29,267.0,5,2,2022,21,5,82.0,470.0,35.0,424.25,496.98985569794723,566.2625,460.7065534511716,471.2583333333334,431.5396799586195,2.2560975609756095
2022-06-05,425.0,6,2,2022,22,1,267.0,82.0,1110.0,482.25,447.4940409286658,454.6125,400.5040054641866,484.3416666666667,421.86288694170264,0.5917602996254681
2022-06-12,80.0,6,2,2022,23,2,425.0,267.0,470.0,311.0,175.74033875768666,467.7375,397.16899223486365,512.2583333333333,404.10566228138737,-0.8117647058823529
2022-06-19,165.0,6,2,2022,24,3,80.0,425.0,82.0,213.5,166.04115955589594,435.2375,419.1447003379962,453.0916666666667,411.65008852032054,1.0625
2022-06-26,530.0,6,2,2022,25,4,165.0,80.0,267.0,234.25,148.3764918487196,329.25,354.4096701357262,455.5916666666667,409.62879528207276,2.212121212121212
2022-07-03,820.0,7,3,2022,26,1,530.0,165.0,425.0,300.0,212.24985276791077,391.125,338.5542528795897,403.075,346.6359031003304,0.5471698113207548
2022-07-10,95.0,7,3,2022,27,2,820.0,530.0,80.0,398.75,342.0130358139386,354.875,256.06162065297593,444.7416666666666,365.29099348908437,-0.8841463414634146
2022-07-17,64.0,7,3,2022,28,3,95.0,820.0,165.0,402.5,337.404307421625,308.0,266.1030949516692,424.325,378.2926888126319,-0.3263157894736842
2022-07-24,439.2,7,3,2022,29,4,64.0,95.0,530.0,377.25,363.84554873370803,305.75,268.35357805913975,345.25,341.4592016092642,5.8625
2022-07-31,675.0,7,3,2022,30,5,439.2,64.0,820.0,354.55,353.8336850367224,327.275,271.68685624656706,378.93333333333334,327.7325665104323,0.5368852459016393
2022-08-07,455.0,8,3,2022,31,1,675.0,439.2,95.0,318.3,292.3371797542462,358.525,297.66861608170916,342.68333333333334,255.6494824535885,-0.32592592592592595
2022-08-14,10.0,8,3,2022,32,2,455.0,675.0,64.0,408.3,253.5133658540836,405.4,276.3019466349915,341.43333333333334,255.006236406211,-0.978021978021978
2022-08-21,333.0,8,3,2022,33,3,10.0,455.0,439.2,394.8,278.19566255904573,386.025,299.9869604309017,335.43333333333334,262.40502812994754,32.3
2022-08-28,585.0,8,3,2022,34,4,333.0,10.0,675.0,368.25,277.6128899504964,361.4,294.5158157286051,340.93333333333334,261.53049303643076,0.7567567567567568
2022-09-04,915.0,9,3,2022,35,1,585.0,333.0,455.0,345.75,246.35120593710607,332.025,250.70097013887158,354.26666666666665,270.1427546294508,0.5641025641025641
2022-09-11,345.0,9,3,2022,36,2,915.0,585.0,10.0,460.75,383.52607473286577,434.525,302.2737252888514,423.84999999999997,299.06608725406227,-0.6229508196721312
2022-09-18,509.0,9,3,2022,37,3,345.0,915.0,333.0,544.5,272.912073752701,469.65,267.3792544575696,438.84999999999997,289.2560630306647,0.4753623188405798
2022-09-25,820.0,9,3,2022,38,4,509.0,345.0,585.0,588.5,239.60175291512314,478.375,267.3825175928406,437.09999999999997,288.71749639963383,0.6110019646365423
2022-10-02,1229.0,10,4,2022,39,1,820.0,509.0,915.0,647.25,265.8324973863549,496.5,286.82299170643313,437.09999999999997,288.71749639963383,0.49878048780487805
2022-10-09,34.0,10,4,2022,40,2,1229.0,820.0,345.0,725.75,389.0564440626403,593.25,384.67453775886975,531.6,346.3899431670508,-0.9723352318958502
2022-10-16,85.0,10,4,2022,41,3,34.0,1229.0,509.0,648.0,504.467375886026,596.25,379.5353362054336,529.1,350.15930400578833,1.5
2022-10-23,290.0,10,4,2022,42,4,85.0,34.0,820.0,542.0,581.9982817844051,565.25,412.7810730710825,499.5833333333333,372.6337364157349,2.411764705882353
2022-10-30,89.0,10,4,2022,43,5,290.0,85.0,1229.0,409.5,557.4229393677059,528.375,423.7944034889695,467.5,372.731563168211,-0.693103448275862
2022-11-06,740.0,11,4,2022,44,1,89.0,290.0,34.0,124.5,113.13855811938389,425.125,416.7045673238673,437.0,388.4889140807447,7.314606741573034
2022-11-13,594.0,11,4,2022,45,2,740.0,89.0,85.0,301.0,307.9188204705906,474.5,429.07242145952813,497.8333333333333,372.36732434845044,-0.19729729729729728
2022-11-20,509.0,11,4,2022,46,3,594.0,740.0,290.0,428.25,293.7486170180207,485.125,431.09642192901583,519.5833333333334,369.47541641269345,-0.14309764309764306
2022-11-27,130.0,11,4,2022,47,4,509.0,594.0,89.0,483.0,279.4530371994546,446.25,410.0953721827574,513.25,368.90307300526405,-0.7445972495088409
2022-12-04,155.0,12,4,2022,48,1,130.0,509.0,740.0,493.25,260.27853669994846,308.875,270.8686753497241,447.8333333333333,360.69499412644836,0.1923076923076923
2022-12-11,65.0,12,4,2022,49,2,155.0,130.0,594.0,347.0,238.89049095069998,324.0,256.31453891096936,432.0,369.67774664379806,-0.5806451612903225
2022-12-18,45.0,12,4,2022,50,3,65.0,155.0,509.0,214.75,199.800525524834,321.5,259.0614929758128,395.0,383.2409638382047,-0.3076923076923077
2022-12-25,111.0,12,4,2022,51,4,45.0,65.0,130.0,98.75,52.181574014842994,290.875,277.16598301894317,330.4166666666667,370.18827110080855,1.4666666666666668
2023-01-01,55.0,1,1,2023,52,1,111.0,45.0,155.0,94.0,49.16638417997815,293.625,274.9773691986825,237.25,241.95496387851628,-0.5045045045045045
2023-01-08,715.0,1,1,2023,1,2,55.0,111.0,65.0,69.0,29.16619047230109,208.0,216.5726535962336,239.0,240.422355638798,12.0
2023-01-15,60.0,1,1,2023,2,3,715.0,55.0,45.0,231.5,323.63920240498237,223.125,249.15539471238753,291.5,270.6250341171502,-0.916083916083916
2023-01-22,1289.0,1,1,2023,3,4,60.0,715.0,111.0,235.25,320.8326406918927,167.0,224.9552336418449,272.3333333333333,278.7632861353326,20.483333333333334
2023-01-29,519.0,1,1,2023,4,5,1289.0,60.0,55.0,529.75,593.5292045608762,311.875,454.16153120731326,372.3333333333333,397.1258864604137,-0.5973622963537626
2023-02-05,210.0,2,1,2023,5,1,519.0,1289.0,715.0,645.75,509.1609928761888,357.375,454.4333795272652,353.9166666666667,383.41301214067784,-0.5953757225433526
2023-02-12,196.0,2,1,2023,6,2,210.0,519.0,60.0,519.5,547.4367543378868,375.5,443.8751433197661,321.9166666666667,377.5332515959431,-0.06666666666666665
2023-02-19,60.0,2,1,2023,7,3,196.0,210.0,1289.0,553.5,512.4935771955259,394.375,430.83239614893006,295.8333333333333,374.23080708260323,-0.6938775510204082
2023-02-26,304.0,2,1,2023,8,4,60.0,196.0,519.0,246.25,194.01095329903384,388.0,435.9711654947574,290.0,377.58129768784363,4.066666666666666
2023-03-05,400.0,3,1,2023,9,1,304.0,60.0,210.0,192.5,100.51036430803161,419.125,417.28936089275714,302.4166666666667,375.18055249399134,0.3157894736842106
2023-03-12,110.0,3,1,2023,10,2,400.0,304.0,196.0,240.0,146.09585894199702,379.75,399.8809644310238,330.3333333333333,368.3092409507215,-0.725
2023-03-19,230.0,3,1,2023,11,3,110.0,400.0,60.0,218.5,160.3610509652096,386.0,394.5243066927925,335.75,364.18629723111326,1.0909090909090908
2023-03-26,85.0,3,1,2023,12,4,230.0,110.0,304.0,261.0,122.3819158753989,253.625,150.3747105447872,345.6666666666667,359.09465283817497,-0.6304347826086957
2023-04-02,120.0,4,2,2023,13,1,85.0,230.0,400.0,206.25,143.83874072492858,199.375,115.11104886772821,348.1666666666667,356.98531503622786,0.41176470588235303
2023-04-09,410.0,4,2,2023,14,2,120.0,85.0,110.0,136.25,64.20994211698516,188.125,118.27865101409562,298.5833333333333,342.4264906737666,2.4166666666666665
2023-04-16,190.0,4,2,2023,15,3,410.0,120.0,230.0,211.25,146.19479014885096,214.875,142.11206593992728,327.75,335.0845551363249,-0.5365853658536586
2023-04-23,60.0,4,2,2023,16,4,190.0,410.0,85.0,201.25,145.85237970861692,231.125,128.66949632960504,236.16666666666666,144.41784914446944,-0.6842105263157895
2023-04-30,264.0,4,2,2023,17,5,60.0,190.0,120.0,195.0,152.86159317064104,200.625,137.54057842791582,197.91666666666666,121.69444473264755,3.4000000000000004
2023-05-07,178.0,5,2,2023,18,1,264.0,60.0,410.0,231.0,146.11867323058527,183.625,116.11316831928579,202.41666666666666,123.17132069773295,-0.3257575757575758
2023-05-14,135.0,5,2,2023,19,2,178.0,264.0,190.0,173.0,84.38799282678339,192.125,112.38255774680619,200.91666666666666,123.36601737279102,-0.2415730337078652
2023-05-21,190.0,5,2,2023,20,3,135.0,178.0,60.0,159.25,85.17188503256175,180.25,112.82698512070819,207.16666666666666,117.3300188925787,0.40740740740740744
2023-05-28,540.0,5,2,2023,21,4,190.0,135.0,264.0,191.75,53.643110772337195,193.375,106.06862670662099,197.66666666666666,113.32361812191647,1.8421052631578947
2023-06-04,90.0,6,2,2023,22,1,540.0,190.0,178.0,260.75,187.65815552043887,245.875,156.51055418542398,209.33333333333334,140.09239375454447,-0.8333333333333334
2023-06-11,880.0,6,2,2023,23,2,90.0,540.0,135.0,238.75,204.9542631905955,205.875,149.29782076679564,207.66666666666666,141.4935484127237,8.777777777777779
2023-06-18,135.0,6,2,2023,24,3,880.0,90.0,190.0,425.0,359.4903800289142,292.125,280.48653520012584,261.8333333333333,240.5580003141677,-0.8465909090909091
2023-06-25,183.27,6,2,2023,25,4,135.0,880.0,540.0,411.25,372.298603274307,301.5,272.76677635979473,266.0,237.63187726167695,0.3575555555555556
2023-07-02,50.0,7,3,2023,26,1,183.27,135.0,90.0,322.0675,373.89971680251364,291.40875,275.82847058258614,271.2725,234.78281295021958,-0.7271784798384897
2023-07-09,720.0,7,3,2023,27,2,50.0,183.27,880.0,312.0675,382.60876217314546,275.40875,286.83944147192966,241.2725,238.41691173713392,13.4
2023-07-16,534.0,7,3,2023,28,3,720.0,50.0,135.0,272.0675,303.660992267693,348.53375,318.72663920838414,285.43916666666667,274.42695310437557,-0.2583333333333333
2023-07-23,500.0,7,3,2023,29,4,534.0,720.0,183.27,371.8175,309.1121046238724,391.53375,317.48553933042155,324.93916666666667,273.1380517566601,-0.06367041198501877
2023-07-30,80.0,7,3,2023,30,5,500.0,534.0,50.0,451.0,284.283895663003,386.53375,315.11951786754105,344.60583333333335,276.8228393907068,-0.84
2023-08-06,380.0,8,3,2023,31,1,80.0,500.0,720.0,458.5,270.2264482491179,385.28375,316.48072583774484,336.43916666666667,283.5486391643758,3.75
2023-08-13,95.0,8,3,2023,32,2,380.0,80.0,534.0,373.5,206.51634317893553,322.78375,246.44735711057194,356.85583333333335,276.45743770584016,-0.75
2023-08-20,10.0,8,3,2023,33,3,95.0,380.0,500.0,263.75,209.41883869413448,317.78375,251.16209870676303,348.9391666666667,282.9538009980465,-0.8947368421052632
2023-08-27,88.0,8,3,2023,34,4,10.0,95.0,80.0,141.25,163.42046995404203,296.125,271.0985258430701,304.7725,291.650253155914,7.800000000000001
2023-09-03,165.0,9,3,2023,35,1,88.0,10.0,380.0,143.25,162.4671761720911,300.875,266.4633115994986,304.60583333333335,291.7846853249004,0.875
2023-09-10,35.0,9,3,2023,36,2,165.0,88.0,95.0,89.5,63.38506659037787,231.5,207.47185695551923,245.0225,230.08508047419707,-0.7878787878787878
2023-09-17,563.0,9,3,2023,37,3,35.0,165.0,10.0,74.5,68.5395263090331,169.125,176.186944140916,236.68916666666667,236.162839331382,15.085714285714285
2023-09-24,179.0,9,3,2023,38,4,563.0,35.0,88.0,212.75,239.5222675800031,177.0,193.632936985716,268.3333333333333,253.18169305257692,-0.6820603907637656
2023-10-01,55.0,10,4,2023,39,1,179.0,563.0,165.0,235.5,227.75644886588813,189.375,189.67109690197918,279.0833333333333,245.69658240614623,-0.6927374301675977
2023-10-08,400.5,10,4,2023,40,2,55.0,179.0,35.0,208.0,245.0877393914268,148.75,177.41859300213466,223.66666666666666,209.54250310154293,6.281818181818182
2023-10-15,136.5,10,4,2023,41,3,400.5,55.0,563.0,299.375,226.51982069273006,186.9375,196.09189491154393,212.54166666666666,194.5780350975509,-0.6591760299625469
2023-10-22,80.0,10,4,2023,42,4,136.5,400.5,179.0,192.75,147.74781442263912,202.75,184.54616147263997,182.25,172.83879772782342,-0.4139194139194139
2023-10-29,390.0,10,4,2023,43,5,80.0,136.5,55.0,168.0,158.70465231576114,201.75,185.27701268255439,182.25,172.83879772782342,3.875
2023-11-05,703.6,11,4,2023,44,1,390.0,80.0,400.5,251.75,167.3521735741724,229.875,195.68647482279258,183.08333333333334,173.89976649748053,0.8041025641025641
2023-11-12,409.0,11,4,2023,45,2,703.6,390.0,136.5,327.525,284.6604453847892,313.45,238.6309882882536,233.79999999999998,226.62848653488032,-0.41870380898237636
2023-11-19,90.0,11,4,2023,46,3,409.0,703.6,80.0,395.65,254.74056737525447,294.2,221.1991152139371,267.05,219.98079048366418,-0.7799511002444988
2023-11-26,480.0,11,4,2023,47,4,90.0,409.0,390.0,398.15,250.62606275751378,283.075,229.88811409031143,267.21666666666664,219.83351069443896,4.333333333333333
2023-12-03,180.0,12,4,2023,48,1,480.0,90.0,703.6,420.65,253.67188124294194,336.2,218.47619680740655,293.46666666666664,225.25828542256724,-0.625
2023-12-10,155.0,12,4,2023,49,2,180.0,480.0,409.0,289.75,184.7166749375917,308.6375,223.06608846130922,305.55,213.72706256514854,-0.13888888888888884
2023-12-17,103.27000000000001,12,4,2023,50,3,155.0,180.0,90.0,226.25,173.36738447585788,310.95,221.11397836539302,271.55,201.12968001221944,-0.3337419354838709
2023-12-24,90.0,12,4,2023,51,4,103.27000000000001,155.0,480.0,229.5675,169.9850431410558,313.85875,217.76958113943033,265.2391666666667,205.43952140176793,-0.12849811174590886
2023-12-31,720.0,12,4,2023,52,5,90.0,103.27000000000001,180.0,132.0675,42.5142904405873,276.35875,228.35760905321294,268.1558333333333,202.40947280465952,7.0
2024-01-07,225.0,1,1,2024,1,1,720.0,90.0,155.0,267.0675,303.25429080503807,278.40875,232.77187983317802,294.7808333333333,239.0905166157907,-0.6875
2024-01-14,679.9,1,1,2024,2,2,225.0,720.0,103.27000000000001,284.5675,296.5777271222502,255.40875,227.04488426221562,302.1558333333333,235.09589561624787,2.021777777777778
2024-01-21,650.0,1,1,2024,3,3,679.9,225.0,90.0,428.725,318.4171831104595,329.14625,259.1691868224584,352.14750000000004,247.04035773072988,-0.043977055449330726
2024-01-28,470.22,1,1,2024,4,4,650.0,679.9,720.0,568.725,230.9375871673266,350.39625,279.47871035388636,373.8141666666667,261.6326863947838,-0.2765846153846153
2024-02-04,355.0,2,1,2024,5,1,470.22,650.0,225.0,506.28,209.13959038562396,386.67375000000004,272.96070878621254,354.36583333333334,242.89257357779005,-0.24503423929224621
2024-02-11,182.0,2,1,2024,6,2,355.0,470.22,679.9,538.78,153.5798432954877,411.67375000000004,257.4277540225054,349.86583333333334,242.2878332013887,-0.48732394366197185
2024-02-18,400.0,2,1,2024,7,3,182.0,355.0,650.0,414.30499999999995,196.77509691692848,421.515,245.16632738962014,357.5325,234.65268117814173,1.197802197802198
2024-02-25,550.0,2,1,2024,8,4,400.0,182.0,470.22,351.805,122.73116461056905,460.265,206.7758954589661,350.86583333333334,231.97816419412948,0.375
2024-03-03,775.0,3,1,2024,9,1,550.0,400.0,355.0,371.75,151.49999999999974,439.015,183.72008856643103,381.6991666666667,231.7921296984677,0.40909090909090917
2024-03-10,666.0,3,1,2024,10,2,775.0,550.0,182.0,476.75,249.72434803198487,507.765,194.76817597191985,433.36583333333334,245.3685919909186,-0.14064516129032256
2024-03-17,294.0,3,1,2024,11,3,666.0,775.0,400.0,597.75,160.68680717470207,506.02750000000003,193.0677905925426,480.26,229.82796870703072,-0.5585585585585586
2024-03-24,60.0,3,1,2024,12,4,294.0,666.0,550.0,571.25,206.40635487632937,461.52750000000003,196.1456391671399,497.26,204.48422192966805,-0.7959183673469388
2024-03-31,520.0,3,1,2024,13,5,60.0,294.0,775.0,448.75,331.01397251475646,410.25,241.8457300488418,442.26,226.68259090230475,7.666666666666666
2024-04-07,709.0,4,2,2024,14,1,520.0,60.0,666.0,385.0,265.26213450094974,430.875,243.49094292337531,466.8433333333333,216.75803096512632,0.3634615384615385
2024-04-14,814.0,4,2,2024,15,2,709.0,520.0,294.0,395.75,280.8586536557727,496.75,237.76143505623483,469.2683333333334,219.50370143217202,0.14809590973201692
2024-04-21,110.0,4,2,2024,16,3,814.0,709.0,60.0,525.75,333.47900983420215,548.5,257.8969894024693,482.935,236.24626552122928,-0.8648648648648649
2024-04-28,205.0,4,2,2024,17,4,110.0,814.0,520.0,538.25,310.3357053257003,493.5,300.8692169602698,452.9166666666667,259.7272899629821,0.8636363636363635
2024-05-05,635.0,5,2,2024,18,1,205.0,110.0,709.0,459.5,353.4784293277313,422.25,292.04537318711306,440.4166666666667,268.33508845652204,2.097560975609756
2024-05-19,270.0,5,2,2024,20,3,635.0,205.0,814.0,441.0,337.64971987746895,418.375,288.5337006808244,478.1666666666667,260.4233732469749,-0.5748031496062992
2024-05-26,260.0,5,2,2024,21,4,270.0,635.0,110.0,305.0,229.60110336552535,415.375,290.1319588935847,467.3333333333333,266.6012798623485,-0.03703703703703709
2024-06-02,628.0,6,2,2024,22,1,260.0,270.0,205.0,342.5,197.08289288181925,440.375,262.42982055072525,443.1666666666667,271.52493049218833,1.4153846153846152
2024-06-09,607.0,6,2,2024,23,2,628.0,260.0,635.0,448.25,211.6575457352433,453.875,269.7858608494631,430.9166666666667,258.1812113202425,-0.03343949044585992
2024-06-16,1305.0,6,2,2024,24,3,607.0,628.0,270.0,441.25,203.73737179679776,441.125,258.1663016075383,426.0,253.8224146560307,1.1499176276771004
2024-06-23,1510.0,6,2,2024,25,4,1305.0,607.0,260.0,700.0,437.21009442448434,502.5,386.1269221383044,510.25,354.0318745280121,0.15708812260536398
2024-07-07,1178.0,7,3,2024,27,1,1510.0,1305.0,628.0,1012.5,463.80060370810185,677.5,486.9229918580558,631.0833333333334,426.4324434044376,-0.21986754966887412
2024-07-14,188.0,7,3,2024,28,2,1178.0,1510.0,607.0,1150.0,386.97889692677865,799.125,473.37102256052844,685.9166666666666,452.36639581273744,-0.8404074702886248
2024-07-21,600.0,7,3,2024,29,3,188.0,1178.0,1305.0,1045.25,587.6401251332879,743.25,519.63194392075,642.5,474.414184212296,2.1914893617021276
2024-07-28,990.0,7,3,2024,30,4,600.0,188.0,1510.0,869.0,589.4867824359308,784.5,488.88561326464,624.6666666666666,471.39393549794687,0.6499999999999999
2024-08-04,832.0,8,3,2024,31,1,990.0,600.0,1178.0,739.0,439.18257403195435,875.75,442.9739592475261,698.0,452.1049757422597,-0.15959595959595962
2024-08-11,299.0,8,3,2024,32,2,832.0,990.0,188.0,652.5,348.63686934497673,901.25,432.42067811003585,750.25,425.3911836074054,-0.640625
2024-08-18,291.0,8,3,2024,33,3,299.0,832.0,600.0,680.25,300.4245606914761,862.75,474.0671290620593,722.25,444.30438481252526,-0.026755852842809347
2024-08-25,465.9,8,3,2024,34,4,291.0,299.0,990.0,603.0,361.4646132979913,736.0,474.48709149986394,724.0,442.3984218285185,0.6010309278350514
2024-09-01,285.0,9,3,2024,35,1,465.9,291.0,832.0,471.975,253.1976879172999,605.4875,361.2628462866657,741.1583333333333,426.472498225178,-0.3882807469414037
2024-09-08,954.0,9,3,2024,36,2,285.0,465.9,299.0,335.225,87.30522607495917,493.86249999999995,290.0336085820797,712.5749999999999,445.80246772227815,2.3473684210526318
2024-09-15,260.0,9,3,2024,37,3,954.0,285.0,291.0,498.975,314.7383079639333,589.6125,300.87173554523224,741.4916666666667,449.5699065032418,-0.7274633123689728
2024-09-22,1150.0,9,3,2024,38,4,260.0,954.0,465.9,491.225,321.86736787068014,547.1125,322.4356212043402,654.4083333333333,431.33351461871524,3.4230769230769234
2024-09-29,312.0,9,3,2024,39,5,1150.0,260.0,285.0,662.25,457.21648774586686,567.1125,356.946796505746,624.4083333333333,375.2948670005623,-0.728695652173913
2024-10-06,709.0,10,4,2024,40,1,312.0,1150.0,954.0,669.0,449.93184669088095,502.11249999999995,349.0792191609236,552.2416666666667,340.8475411204821,1.2724358974358974
2024-10-13,685.0,10,4,2024,41,2,709.0,312.0,260.0,607.75,413.3943839321797,553.3625,345.0733584016182,595.6583333333333,322.9450571292932,-0.03385049365303239
2024-10-20,90.0,10,4,2024,42,3,685.0,709.0,1150.0,714.0,342.8148188162229,602.6125,330.0690855714909,602.7416666666667,323.9794619145236,-0.8686131386861313
2024-10-27,545.0,10,4,2024,43,4,90.0,685.0,312.0,449.0,300.52509601251785,555.625,375.8871173637109,527.7416666666667,330.2925162456435,5.055555555555555
2024-11-03,179.0,11,4,2024,44,1,545.0,90.0,709.0,507.25,287.41419009274125,588.125,360.0521539602683,503.825,316.3549850893913,-0.6715596330275229
2024-11-17,2015.0,11,4,2024,46,3,179.0,545.0,685.0,374.75,285.56420760779247,491.25,351.710818713329,493.825,325.1913062826527,10.256983240223464
2024-11-24,1015.02,11,4,2024,47,4,2015.0,179.0,90.0,707.25,893.789824287567,710.625,626.6963123053646,637.4916666666667,538.3811854377282,-0.49626799007444167
2024-12-01,390.0,12,4,2024,48,1,1015.02,2015.0,545.0,938.505,795.0660476337798,693.7525,614.8828402166199,683.2516666666667,545.7566490967687,-0.6157711178104865
2024-12-08,60.0,12,4,2024,49,2,390.0,1015.02,179.0,899.755,823.892258389004,703.5025,608.5505566918825,692.0016666666667,539.5980760433613,-0.8461538461538461
2024-12-15,220.0,12,4,2024,50,3,60.0,390.0,2015.0,870.005,859.9526731745183,622.3775,649.5879551520114,617.5016666666667,561.4111198470144,2.6666666666666665
2024-12-22,70.0,12,4,2024,51,4,220.0,60.0,1015.02,421.255,418.14770129704175,564.2525,663.8318989397845,614.1683333333334,563.8402175638275,-0.6818181818181819
2024-12-29,340.0,12,4,2024,52,5,70.0,220.0,390.0,185.0,155.02687938978025,561.7525,665.90750433954,524.1683333333334,556.6847729163873,3.8571428571428568
